{
    "id": "fetch-through-api",
    "title": "Gather assets through API",
    "category": "Web Security",
    "commands": [
        {
            "cmd": "https://www.virustotal.com/vtapi/v2/domain/report?apikey=<api_key>&domain=<DOMAIN>",
            "info": "VirusTotal API - Get domain report including subdomains and IPs"
        },
        {
            "cmd": "curl -s \"https://www.virustotal.com/vtapi/v2/domain/report?domain=<DOMAIN>&apikey=<api_key>\" | jq -r '.. | .ip_address? // empty' | grep -Eo '([0-9]{1,3}\\.){3}[0-9]{1,3}'",
            "info": "Extract IP addresses from VirusTotal domain report"
        },
        {
            "cmd": "curl -s \"https://www.virustotal.com/vtapi/v2/domain/report?apikey=<api_key>&domain=<DOMAIN>\" | jq -r '.domain_siblings[]'",
            "info": "Extract subdomains from VirusTotal domain report"
        },
        {
            "cmd": "curl -s \"https://otx.alienvault.com/api/v1/indicators/hostname/<DOMAIN>/url_list?limit=500&page=1\" | jq -r '.url_list[]?.result?.urlworker?.ip // empty' | grep -Eo '([0-9]{1,3}\\.){3}[0-9]{1,3}'",
            "info": "AlienVault OTX - Extract IP addresses from URL list"
        },
        {
            "cmd": "curl -s \"https://urlscan.io/api/v1/search/?q=domain:<DOMAIN>&size=10000\" | jq -r '.results[]?.page?.ip // empty' | grep -Eo '([0-9]{1,3}\\.){3}[0-9]{1,3}'",
            "info": "URLScan.io - Extract IP addresses from search results"
        },
        {
            "cmd": "https://web.archive.org/cdx/search/cdx?url=<DOMAIN>&fl=original&collapse=urlkey",
            "info": "Wayback Machine - Get historical URLs for target domain"
        },
        {
            "cmd": "http.favicon.hash:1265477436",
            "info": "Shodan - Search by favicon hash"
        },
        {
            "cmd": "shodan search Ssl.cert.subject.CN:\"<DOMAIN>\" 200 --fields ip_str | httpx-toolkit -sc -title -server -td",
            "info": "Shodan - Search SSL certificates and verify HTTP responses"
        },
        {
            "cmd": "nmap --script ssl-cert -p 443 <IP Address>",
            "info": "Nmap - Inspect SSL certificates on target IP"
        }
    ],
    "tips": [
        "Always replace <api_key> with your actual API key",
        "Replace <DOMAIN> with the target domain",
        "Consider rate limits when making API requests",
        "Some APIs require authentication or paid subscriptions",
        "Use jq for better JSON parsing and filtering",
        "Combine multiple API results for better coverage",
        "Document all findings from each API source",
        "Verify findings manually before reporting",
        "Use different APIs to cross-validate results",
        "Keep track of API usage limits"
    ]
} 